exp_num,boundary_type,box_ap,mask_ap
1,overall,3.211547615442836e-08,0.0
1,localization,3.101306369146716e-09,0.0
1,none,2.360481821678471e-09,0.0
1,rand,9.804092980057003e-08,0.0
1,approximation,0.0,0.0
